{
    "chim": {
        "precision": 0.5833333333333334,
        "recall": 0.38181818181818183,
        "f1-score": 0.46153846153846156,
        "support": 220.0
    },
    "info": {
        "precision": 0.6003787878787878,
        "recall": 0.6475995914198162,
        "f1-score": 0.6230958230958231,
        "support": 979.0
    },
    "math": {
        "precision": 0.6,
        "recall": 0.3643724696356275,
        "f1-score": 0.4534005037783375,
        "support": 247.0
    },
    "phys": {
        "precision": 0.5150905432595574,
        "recall": 0.4429065743944637,
        "f1-score": 0.4762790697674419,
        "support": 578.0
    },
    "scco": {
        "precision": 0.3157894736842105,
        "recall": 0.0967741935483871,
        "f1-score": 0.14814814814814814,
        "support": 186.0
    },
    "sde": {
        "precision": 0.5344224037339557,
        "recall": 0.5544794188861986,
        "f1-score": 0.5442661913250149,
        "support": 826.0
    },
    "sdu": {
        "precision": 0.6300813008130082,
        "recall": 0.4454022988505747,
        "f1-score": 0.5218855218855218,
        "support": 348.0
    },
    "sdv": {
        "precision": 0.7067164179104478,
        "recall": 0.6571825121443442,
        "f1-score": 0.6810499820208558,
        "support": 1441.0
    },
    "shs": {
        "precision": 0.67916836526702,
        "recall": 0.8288557213930349,
        "f1-score": 0.7465830159085817,
        "support": 2010.0
    },
    "spi": {
        "precision": 0.5317757009345795,
        "recall": 0.5497584541062802,
        "f1-score": 0.5406175771971496,
        "support": 1035.0
    },
    "accuracy": 0.6196950444726811,
    "macro avg": {
        "precision": 0.56967563268149,
        "recall": 0.49691494161969096,
        "f1-score": 0.5196864294665337,
        "support": 7870.0
    },
    "weighted avg": {
        "precision": 0.6118626637618912,
        "recall": 0.6196950444726811,
        "f1-score": 0.6098002755758114,
        "support": 7870.0
    }
}