{
    "chim": {
        "precision": 0.7,
        "recall": 0.2545454545454545,
        "f1-score": 0.37333333333333335,
        "support": 220.0
    },
    "info": {
        "precision": 0.6110581506196378,
        "recall": 0.6547497446373851,
        "f1-score": 0.6321499013806706,
        "support": 979.0
    },
    "math": {
        "precision": 0.6808510638297872,
        "recall": 0.2591093117408907,
        "f1-score": 0.375366568914956,
        "support": 247.0
    },
    "phys": {
        "precision": 0.5994694960212201,
        "recall": 0.39100346020761245,
        "f1-score": 0.4732984293193717,
        "support": 578.0
    },
    "scco": {
        "precision": 0.6,
        "recall": 0.016129032258064516,
        "f1-score": 0.031413612565445025,
        "support": 186.0
    },
    "sde": {
        "precision": 0.5736994219653179,
        "recall": 0.48062953995157387,
        "f1-score": 0.5230566534914362,
        "support": 826.0
    },
    "sdu": {
        "precision": 0.7819548872180451,
        "recall": 0.2988505747126437,
        "f1-score": 0.43243243243243246,
        "support": 348.0
    },
    "sdv": {
        "precision": 0.6693174287607687,
        "recall": 0.7009021512838307,
        "f1-score": 0.6847457627118644,
        "support": 1441.0
    },
    "shs": {
        "precision": 0.6482357220807566,
        "recall": 0.8865671641791045,
        "f1-score": 0.7488968270645093,
        "support": 2010.0
    },
    "spi": {
        "precision": 0.5279187817258884,
        "recall": 0.6028985507246377,
        "f1-score": 0.5629228687415426,
        "support": 1035.0
    },
    "accuracy": 0.6235069885641678,
    "macro avg": {
        "precision": 0.6392504952221422,
        "recall": 0.4545384984241198,
        "f1-score": 0.4837616389955562,
        "support": 7870.0
    },
    "weighted avg": {
        "precision": 0.6274868728755989,
        "recall": 0.6235069885641678,
        "f1-score": 0.6010534652193321,
        "support": 7870.0
    }
}