{
    "chim": {
        "precision": 0.5612903225806452,
        "recall": 0.3799126637554585,
        "f1-score": 0.453125,
        "support": 229.0
    },
    "info": {
        "precision": 0.5700090334236676,
        "recall": 0.6102514506769826,
        "f1-score": 0.5894441849602989,
        "support": 1034.0
    },
    "math": {
        "precision": 0.5562130177514792,
        "recall": 0.36293436293436293,
        "f1-score": 0.4392523364485981,
        "support": 259.0
    },
    "phys": {
        "precision": 0.46741154562383613,
        "recall": 0.4176372712146423,
        "f1-score": 0.44112478031634444,
        "support": 601.0
    },
    "scco": {
        "precision": 0.26153846153846155,
        "recall": 0.08673469387755102,
        "f1-score": 0.13026819923371646,
        "support": 196.0
    },
    "sde": {
        "precision": 0.5192307692307693,
        "recall": 0.47703180212014135,
        "f1-score": 0.4972375690607735,
        "support": 849.0
    },
    "sdu": {
        "precision": 0.5863453815261044,
        "recall": 0.41359773371104813,
        "f1-score": 0.4850498338870432,
        "support": 353.0
    },
    "sdv": {
        "precision": 0.6666666666666666,
        "recall": 0.676,
        "f1-score": 0.6713008937437934,
        "support": 1500.0
    },
    "shs": {
        "precision": 0.6970817920263049,
        "recall": 0.8076190476190476,
        "f1-score": 0.7482903154643724,
        "support": 2100.0
    },
    "spi": {
        "precision": 0.4970464135021097,
        "recall": 0.5453703703703704,
        "f1-score": 0.5200883002207506,
        "support": 1080.0
    },
    "accuracy": 0.6011462016827216,
    "macro avg": {
        "precision": 0.5382833403870044,
        "recall": 0.47770893962796046,
        "f1-score": 0.4975181413335692,
        "support": 8201.0
    },
    "weighted avg": {
        "precision": 0.5904948915989873,
        "recall": 0.6011462016827216,
        "f1-score": 0.5915253605942048,
        "support": 8201.0
    }
}