{
    "chim": {
        "precision": 0.6222222222222222,
        "recall": 0.38181818181818183,
        "f1-score": 0.4732394366197183,
        "support": 220.0
    },
    "info": {
        "precision": 0.5827338129496403,
        "recall": 0.6618998978549541,
        "f1-score": 0.6197991391678622,
        "support": 979.0
    },
    "math": {
        "precision": 0.5923076923076923,
        "recall": 0.3117408906882591,
        "f1-score": 0.40848806366047746,
        "support": 247.0
    },
    "phys": {
        "precision": 0.5103926096997691,
        "recall": 0.38235294117647056,
        "f1-score": 0.437190900098912,
        "support": 578.0
    },
    "scco": {
        "precision": 0.4583333333333333,
        "recall": 0.05913978494623656,
        "f1-score": 0.10476190476190476,
        "support": 186.0
    },
    "sde": {
        "precision": 0.5718015665796344,
        "recall": 0.5302663438256658,
        "f1-score": 0.550251256281407,
        "support": 826.0
    },
    "sdu": {
        "precision": 0.6938775510204082,
        "recall": 0.39080459770114945,
        "f1-score": 0.5,
        "support": 348.0
    },
    "sdv": {
        "precision": 0.6928471248246845,
        "recall": 0.6856349757113116,
        "f1-score": 0.6892221834670387,
        "support": 1441.0
    },
    "shs": {
        "precision": 0.6948338005606728,
        "recall": 0.8631840796019901,
        "f1-score": 0.7699134679387619,
        "support": 2010.0
    },
    "spi": {
        "precision": 0.5282363162467419,
        "recall": 0.58743961352657,
        "f1-score": 0.5562671546203111,
        "support": 1035.0
    },
    "accuracy": 0.6284625158831004,
    "macro avg": {
        "precision": 0.59475860297448,
        "recall": 0.48542813068507884,
        "f1-score": 0.5109133506616393,
        "support": 7870.0
    },
    "weighted avg": {
        "precision": 0.6212773742360399,
        "recall": 0.6284625158831004,
        "f1-score": 0.6135849960892094,
        "support": 7870.0
    }
}