{
    "chim": {
        "precision": 0.6048387096774194,
        "recall": 0.3409090909090909,
        "f1-score": 0.436046511627907,
        "support": 220.0
    },
    "info": {
        "precision": 0.5883424408014571,
        "recall": 0.6598569969356486,
        "f1-score": 0.6220510351468465,
        "support": 979.0
    },
    "math": {
        "precision": 0.5827814569536424,
        "recall": 0.3562753036437247,
        "f1-score": 0.44221105527638194,
        "support": 247.0
    },
    "phys": {
        "precision": 0.5330296127562643,
        "recall": 0.40484429065743943,
        "f1-score": 0.46017699115044247,
        "support": 578.0
    },
    "scco": {
        "precision": 0.47368421052631576,
        "recall": 0.04838709677419355,
        "f1-score": 0.08780487804878048,
        "support": 186.0
    },
    "sde": {
        "precision": 0.5504469987228607,
        "recall": 0.5217917675544794,
        "f1-score": 0.5357364822871349,
        "support": 826.0
    },
    "sdu": {
        "precision": 0.7253886010362695,
        "recall": 0.40229885057471265,
        "f1-score": 0.5175600739371534,
        "support": 348.0
    },
    "sdv": {
        "precision": 0.6969042476601872,
        "recall": 0.6717557251908397,
        "f1-score": 0.6840989399293286,
        "support": 1441.0
    },
    "shs": {
        "precision": 0.6826465927099842,
        "recall": 0.8572139303482587,
        "f1-score": 0.7600352889280988,
        "support": 2010.0
    },
    "spi": {
        "precision": 0.5278260869565218,
        "recall": 0.5864734299516908,
        "f1-score": 0.5556064073226544,
        "support": 1035.0
    },
    "accuracy": 0.6252858958068614,
    "macro avg": {
        "precision": 0.5965888957800923,
        "recall": 0.4849806482540079,
        "f1-score": 0.5101327663654729,
        "support": 7870.0
    },
    "weighted avg": {
        "precision": 0.6199438743587454,
        "recall": 0.6252858958068614,
        "f1-score": 0.6108764561225017,
        "support": 7870.0
    }
}