{
    "chim": {
        "precision": 0.54375,
        "recall": 0.39545454545454545,
        "f1-score": 0.45789473684210524,
        "support": 220.0
    },
    "info": {
        "precision": 0.5698427382053654,
        "recall": 0.6292134831460674,
        "f1-score": 0.5980582524271845,
        "support": 979.0
    },
    "math": {
        "precision": 0.5304878048780488,
        "recall": 0.3522267206477733,
        "f1-score": 0.4233576642335766,
        "support": 247.0
    },
    "phys": {
        "precision": 0.4656188605108055,
        "recall": 0.4100346020761246,
        "f1-score": 0.43606255749770007,
        "support": 578.0
    },
    "scco": {
        "precision": 0.3493975903614458,
        "recall": 0.15591397849462366,
        "f1-score": 0.21561338289962825,
        "support": 186.0
    },
    "sde": {
        "precision": 0.5275779376498801,
        "recall": 0.5326876513317191,
        "f1-score": 0.5301204819277109,
        "support": 826.0
    },
    "sdu": {
        "precision": 0.5843621399176955,
        "recall": 0.40804597701149425,
        "f1-score": 0.4805414551607445,
        "support": 348.0
    },
    "sdv": {
        "precision": 0.6847672778561354,
        "recall": 0.6738376127689105,
        "f1-score": 0.6792584819867087,
        "support": 1441.0
    },
    "shs": {
        "precision": 0.7087294727744166,
        "recall": 0.8159203980099502,
        "f1-score": 0.7585568917668826,
        "support": 2010.0
    },
    "spi": {
        "precision": 0.5385338345864662,
        "recall": 0.553623188405797,
        "f1-score": 0.5459742734635541,
        "support": 1035.0
    },
    "accuracy": 0.6127064803049556,
    "macro avg": {
        "precision": 0.5503067656740259,
        "recall": 0.49269581573470056,
        "f1-score": 0.5125438178205795,
        "support": 7870.0
    },
    "weighted avg": {
        "precision": 0.6036166441353017,
        "recall": 0.6127064803049556,
        "f1-score": 0.6044035075282668,
        "support": 7870.0
    }
}