{
    "chim": {
        "precision": 0.543046357615894,
        "recall": 0.37272727272727274,
        "f1-score": 0.4420485175202156,
        "support": 220.0
    },
    "info": {
        "precision": 0.5853658536585366,
        "recall": 0.6128702757916241,
        "f1-score": 0.5988023952095808,
        "support": 979.0
    },
    "math": {
        "precision": 0.5503355704697986,
        "recall": 0.3319838056680162,
        "f1-score": 0.41414141414141414,
        "support": 247.0
    },
    "phys": {
        "precision": 0.47619047619047616,
        "recall": 0.39792387543252594,
        "f1-score": 0.43355325164938735,
        "support": 578.0
    },
    "scco": {
        "precision": 0.3026315789473684,
        "recall": 0.12365591397849462,
        "f1-score": 0.17557251908396945,
        "support": 186.0
    },
    "sde": {
        "precision": 0.5297845373891001,
        "recall": 0.5060532687651331,
        "f1-score": 0.5176470588235295,
        "support": 826.0
    },
    "sdu": {
        "precision": 0.625,
        "recall": 0.45977011494252873,
        "f1-score": 0.5298013245033113,
        "support": 348.0
    },
    "sdv": {
        "precision": 0.6677807486631016,
        "recall": 0.6932685634975712,
        "f1-score": 0.6802860061287027,
        "support": 1441.0
    },
    "shs": {
        "precision": 0.7002572898799314,
        "recall": 0.8124378109452737,
        "f1-score": 0.7521879318286504,
        "support": 2010.0
    },
    "spi": {
        "precision": 0.5058400718778078,
        "recall": 0.5439613526570048,
        "f1-score": 0.5242085661080075,
        "support": 1035.0
    },
    "accuracy": 0.6086404066073697,
    "macro avg": {
        "precision": 0.5486232484692015,
        "recall": 0.4854652254405446,
        "f1-score": 0.5068248984996768,
        "support": 7870.0
    },
    "weighted avg": {
        "precision": 0.5982769425660317,
        "recall": 0.6086404066073697,
        "f1-score": 0.599201333075571,
        "support": 7870.0
    }
}