{
    "chim": {
        "precision": 0.5034965034965035,
        "recall": 0.314410480349345,
        "f1-score": 0.3870967741935484,
        "support": 229.0
    },
    "info": {
        "precision": 0.4685714285714286,
        "recall": 0.5551257253384912,
        "f1-score": 0.5081894643647632,
        "support": 1034.0
    },
    "math": {
        "precision": 0.4293785310734463,
        "recall": 0.29343629343629346,
        "f1-score": 0.3486238532110092,
        "support": 259.0
    },
    "phys": {
        "precision": 0.4550408719346049,
        "recall": 0.2778702163061564,
        "f1-score": 0.3450413223140496,
        "support": 601.0
    },
    "scco": {
        "precision": 0.0641025641025641,
        "recall": 0.07653061224489796,
        "f1-score": 0.06976744186046512,
        "support": 196.0
    },
    "sde": {
        "precision": 0.5047318611987381,
        "recall": 0.37691401648998824,
        "f1-score": 0.4315576534052596,
        "support": 849.0
    },
    "sdu": {
        "precision": 0.5714285714285714,
        "recall": 0.2719546742209632,
        "f1-score": 0.3685220729366603,
        "support": 353.0
    },
    "sdv": {
        "precision": 0.5568627450980392,
        "recall": 0.568,
        "f1-score": 0.5623762376237624,
        "support": 1500.0
    },
    "shs": {
        "precision": 0.6241557409614621,
        "recall": 0.7480952380952381,
        "f1-score": 0.6805284816980723,
        "support": 2100.0
    },
    "spi": {
        "precision": 0.45439469320066334,
        "recall": 0.5074074074074074,
        "f1-score": 0.4794400699912511,
        "support": 1080.0
    },
    "accuracy": 0.5232288745274967,
    "macro avg": {
        "precision": 0.4632163511066022,
        "recall": 0.39897446638887807,
        "f1-score": 0.4181143371598841,
        "support": 8201.0
    },
    "weighted avg": {
        "precision": 0.5199433411514741,
        "recall": 0.5232288745274967,
        "f1-score": 0.5136448093915847,
        "support": 8201.0
    }
}