{
  "dataset_revision": "80dc3040d19756742c9a18267ab30f54fb8e226b",
  "dev": {
    "eng_Latn-fra_Latn": {
      "accuracy": 0.9979939819458375,
      "f1": 0.9973253092611166,
      "main_score": 0.9973253092611166,
      "precision": 0.9969909729187563,
      "recall": 0.9979939819458375
    },
    "evaluation_time": 154.02,
    "fra_Latn-eng_Latn": {
      "accuracy": 0.9939819458375125,
      "f1": 0.9919759277833501,
      "main_score": 0.9919759277833501,
      "precision": 0.9909729187562688,
      "recall": 0.9939819458375125
    }
  },
  "mteb_dataset_name": "FloresBitextMining",
  "mteb_version": "1.7.56"
}