{
  "dataset_revision": "5effa1b9b5fa3b0f9e12523e6e43e5f86a6e6d59",
  "evaluation_time": 732.3879294395447,
  "kg_co2_emissions": null,
  "mteb_version": "1.11.19",
  "scores": {
    "test": [
      {
        "hf_subset": "default",
        "languages": [
          "fra-Latn"
        ],
        "main_score": 0.63514,
        "map_at_1": 0.0991,
        "map_at_10": 0.15301,
        "map_at_100": 0.16701,
        "map_at_1000": 0.16796,
        "map_at_20": 0.16204,
        "map_at_3": 0.13438,
        "map_at_5": 0.14362,
        "mrr_at_1": 0.0991,
        "mrr_at_10": 0.15301,
        "mrr_at_100": 0.16701,
        "mrr_at_1000": 0.16796,
        "mrr_at_20": 0.16204,
        "mrr_at_3": 0.13438,
        "mrr_at_5": 0.14362,
        "ndcg_at_1": 0.0991,
        "ndcg_at_10": 0.18524,
        "ndcg_at_100": 0.25736,
        "ndcg_at_1000": 0.2839,
        "ndcg_at_20": 0.21898,
        "ndcg_at_3": 0.1472,
        "ndcg_at_5": 0.16387,
        "precision_at_1": 0.0991,
        "precision_at_10": 0.02883,
        "precision_at_100": 0.00635,
        "precision_at_1000": 0.00085,
        "precision_at_20": 0.02117,
        "precision_at_3": 0.06156,
        "precision_at_5": 0.04505,
        "recall_at_1": 0.0991,
        "recall_at_10": 0.28829,
        "recall_at_100": 0.63514,
        "recall_at_1000": 0.84685,
        "recall_at_20": 0.42342,
        "recall_at_3": 0.18468,
        "recall_at_5": 0.22523
      }
    ]
  },
  "task_name": "BSARDRetrieval"
}