{
  "dataset_revision": "c22998f805950a0aa6f4d968c3789fcded5b1170",
  "mteb_dataset_name": "LaDromeRetrieval",
  "mteb_version": "1.1.3.dev0",
  "test": {
    "evaluation_time": 22.28,
    "map_at_1": 0.63291,
    "map_at_10": 0.73029,
    "map_at_100": 0.73494,
    "map_at_1000": 0.73494,
    "map_at_3": 0.70464,
    "map_at_5": 0.71983,
    "mrr_at_1": 0.63291,
    "mrr_at_10": 0.73029,
    "mrr_at_100": 0.73494,
    "mrr_at_1000": 0.73494,
    "mrr_at_3": 0.70464,
    "mrr_at_5": 0.71983,
    "ndcg_at_1": 0.63291,
    "ndcg_at_10": 0.78003,
    "ndcg_at_100": 0.79631,
    "ndcg_at_1000": 0.79631,
    "ndcg_at_3": 0.72845,
    "ndcg_at_5": 0.75515,
    "precision_at_1": 0.63291,
    "precision_at_10": 0.09367,
    "precision_at_100": 0.01,
    "precision_at_1000": 0.001,
    "precision_at_3": 0.26582,
    "precision_at_5": 0.17215,
    "recall_at_1": 0.63291,
    "recall_at_10": 0.93671,
    "recall_at_100": 1.0,
    "recall_at_1000": 1.0,
    "recall_at_3": 0.79747,
    "recall_at_5": 0.86076
  }
}