{
  "dataset_revision": "5effa1b9b5fa3b0f9e12523e6e43e5f86a6e6d59",
  "mteb_dataset_name": "BSARDRetrieval",
  "mteb_version": "1.9.1",
  "test": {
    "evaluation_time": 3257.88,
    "map_at_1": 0.12162,
    "map_at_10": 0.19318,
    "map_at_100": 0.20278,
    "map_at_1000": 0.20385,
    "map_at_20": 0.19775,
    "map_at_3": 0.16291,
    "map_at_5": 0.18161,
    "mrr_at_1": 0.12162,
    "mrr_at_10": 0.19318,
    "mrr_at_100": 0.20278,
    "mrr_at_1000": 0.20385,
    "mrr_at_20": 0.19775,
    "mrr_at_3": 0.16291,
    "mrr_at_5": 0.18161,
    "ndcg_at_1": 0.12162,
    "ndcg_at_10": 0.23688,
    "ndcg_at_100": 0.29116,
    "ndcg_at_1000": 0.31973,
    "ndcg_at_20": 0.25382,
    "ndcg_at_3": 0.17551,
    "ndcg_at_5": 0.20905,
    "precision_at_1": 0.12162,
    "precision_at_10": 0.03784,
    "precision_at_100": 0.00649,
    "precision_at_1000": 0.00087,
    "precision_at_20": 0.0223,
    "precision_at_3": 0.07057,
    "precision_at_5": 0.05856,
    "recall_at_1": 0.12162,
    "recall_at_10": 0.37838,
    "recall_at_100": 0.64865,
    "recall_at_1000": 0.87387,
    "recall_at_20": 0.44595,
    "recall_at_3": 0.21171,
    "recall_at_5": 0.29279
  }
}