{
  "dataset_revision": "de9d86b3b84231dc21f76c7b7af1f28e2f57f6e3",
  "evaluation_time": 36.464747190475464,
  "kg_co2_emissions": null,
  "mteb_version": "1.11.10",
  "scores": {
    "test": [
      {
        "cos_sim": {
          "pearson": 0.7999040040891254,
          "spearman": 0.8133791809403829
        },
        "euclidean": {
          "pearson": 0.8057190750999226,
          "spearman": 0.8133791809403829
        },
        "hf_subset": "fr",
        "languages": [
          "fra-Latn"
        ],
        "main_score": 0.8133791809403829,
        "manhattan": {
          "pearson": 0.8064172455103897,
          "spearman": 0.812592804379927
        }
      }
    ]
  },
  "task_name": "STS22"
}