{
  "dataset_revision": "5345895c56a601afe1a98519ce3199be60a27dba",
  "mteb_dataset_name": "DiaBLaBitextMining",
  "mteb_version": "1.1.2.dev0",
  "test": {
    "en": {
      "accuracy": 0.7484342379958246,
      "f1": 0.7021483737046876,
      "main_score": 0.7021483737046876,
      "precision": 0.684176662614815,
      "recall": 0.7484342379958246
    },
    "evaluation_time": 47.08,
    "fr": {
      "accuracy": 0.7270354906054279,
      "f1": 0.6783115045819693,
      "main_score": 0.6783115045819693,
      "precision": 0.6600754611960556,
      "recall": 0.7270354906054279
    }
  }
}