{
  "dataset_revision": "c22998f805950a0aa6f4d968c3789fcded5b1170",
  "mteb_dataset_name": "LaDromeRetrieval",
  "mteb_version": "1.1.3.dev0",
  "test": {
    "evaluation_time": 31.82,
    "map_at_1": 0.51899,
    "map_at_10": 0.66325,
    "map_at_100": 0.66504,
    "map_at_1000": 0.66504,
    "map_at_3": 0.63291,
    "map_at_5": 0.64557,
    "mrr_at_1": 0.51899,
    "mrr_at_10": 0.66325,
    "mrr_at_100": 0.66504,
    "mrr_at_1000": 0.66504,
    "mrr_at_3": 0.63291,
    "mrr_at_5": 0.64557,
    "ndcg_at_1": 0.51899,
    "ndcg_at_10": 0.73534,
    "ndcg_at_100": 0.74368,
    "ndcg_at_1000": 0.74368,
    "ndcg_at_3": 0.67179,
    "ndcg_at_5": 0.69359,
    "precision_at_1": 0.51899,
    "precision_at_10": 0.0962,
    "precision_at_100": 0.01,
    "precision_at_1000": 0.001,
    "precision_at_3": 0.2616,
    "precision_at_5": 0.16709,
    "recall_at_1": 0.51899,
    "recall_at_10": 0.96203,
    "recall_at_100": 1.0,
    "recall_at_1000": 1.0,
    "recall_at_3": 0.78481,
    "recall_at_5": 0.83544
  }
}