{
  "dataset_revision": "5effa1b9b5fa3b0f9e12523e6e43e5f86a6e6d59",
  "mteb_dataset_name": "BSARDRetrieval",
  "mteb_version": "1.7.47",
  "test": {
    "evaluation_time": 568.53,
    "map_at_1": 0.00901,
    "map_at_10": 0.01524,
    "map_at_100": 0.01833,
    "map_at_1000": 0.01916,
    "map_at_20": 0.01688,
    "map_at_3": 0.01276,
    "map_at_5": 0.01276,
    "mrr_at_1": 0.00901,
    "mrr_at_10": 0.01524,
    "mrr_at_100": 0.01833,
    "mrr_at_1000": 0.01916,
    "mrr_at_20": 0.01688,
    "mrr_at_3": 0.01276,
    "mrr_at_5": 0.01276,
    "ndcg_at_1": 0.00901,
    "ndcg_at_10": 0.02085,
    "ndcg_at_100": 0.03805,
    "ndcg_at_1000": 0.06704,
    "ndcg_at_20": 0.02664,
    "ndcg_at_3": 0.0141,
    "ndcg_at_5": 0.0141,
    "precision_at_1": 0.00901,
    "precision_at_10": 0.00405,
    "precision_at_100": 0.00126,
    "precision_at_1000": 0.00037,
    "precision_at_20": 0.00315,
    "precision_at_3": 0.00601,
    "precision_at_5": 0.0036,
    "recall_at_1": 0.00901,
    "recall_at_10": 0.04054,
    "recall_at_100": 0.12613,
    "recall_at_1000": 0.36937,
    "recall_at_20": 0.06306,
    "recall_at_3": 0.01802,
    "recall_at_5": 0.01802
  }
}