{
  "dataset_revision": "efa78cc2f74bbcd21eff2261f9e13aebe40b814e",
  "mteb_dataset_name": "MintakaRetrieval",
  "mteb_version": "1.7.47",
  "test": {
    "evaluation_time": 10.67,
    "fr": {
      "map_at_1": 0.16626,
      "map_at_10": 0.25225,
      "map_at_100": 0.26292,
      "map_at_1000": 0.26395,
      "map_at_20": 0.25836,
      "map_at_3": 0.22379,
      "map_at_5": 0.24009,
      "mrr_at_1": 0.16626,
      "mrr_at_10": 0.25225,
      "mrr_at_100": 0.26292,
      "mrr_at_1000": 0.26395,
      "mrr_at_20": 0.25836,
      "mrr_at_3": 0.22379,
      "mrr_at_5": 0.24009,
      "ndcg_at_1": 0.16626,
      "ndcg_at_10": 0.30074,
      "ndcg_at_100": 0.35683,
      "ndcg_at_1000": 0.38715,
      "ndcg_at_20": 0.32306,
      "ndcg_at_3": 0.24188,
      "ndcg_at_5": 0.27124,
      "precision_at_1": 0.16626,
      "precision_at_10": 0.04566,
      "precision_at_100": 0.00729,
      "precision_at_1000": 0.00097,
      "precision_at_20": 0.02725,
      "precision_at_3": 0.09801,
      "precision_at_5": 0.07305,
      "recall_at_1": 0.16626,
      "recall_at_10": 0.45659,
      "recall_at_100": 0.7285,
      "recall_at_1000": 0.9742,
      "recall_at_20": 0.54505,
      "recall_at_3": 0.29402,
      "recall_at_5": 0.36527
    }
  }
}