{
  "dataset_revision": "c99d599f0a6ab9b85b065da6f9d94f9cf731679f",
  "mteb_dataset_name": "XPQARetrieval",
  "mteb_version": "1.7.47",
  "test": {
    "evaluation_time": 6.62,
    "fr": {
      "map_at_1": 0.42027,
      "map_at_10": 0.64331,
      "map_at_100": 0.65657,
      "map_at_1000": 0.657,
      "map_at_20": 0.65166,
      "map_at_3": 0.57968,
      "map_at_5": 0.62338,
      "mrr_at_1": 0.65688,
      "mrr_at_10": 0.72263,
      "mrr_at_100": 0.72679,
      "mrr_at_1000": 0.72691,
      "mrr_at_20": 0.72503,
      "mrr_at_3": 0.70405,
      "mrr_at_5": 0.71587,
      "ndcg_at_1": 0.65688,
      "ndcg_at_10": 0.70221,
      "ndcg_at_100": 0.74457,
      "ndcg_at_1000": 0.75178,
      "ndcg_at_20": 0.7213,
      "ndcg_at_3": 0.65423,
      "ndcg_at_5": 0.67055,
      "precision_at_1": 0.65688,
      "precision_at_10": 0.16208,
      "precision_at_100": 0.01975,
      "precision_at_1000": 0.00207,
      "precision_at_20": 0.08792,
      "precision_at_3": 0.39831,
      "precision_at_5": 0.28652,
      "recall_at_1": 0.42027,
      "recall_at_10": 0.78803,
      "recall_at_100": 0.95051,
      "recall_at_1000": 0.99755,
      "recall_at_20": 0.84802,
      "recall_at_3": 0.62628,
      "recall_at_5": 0.70975
    }
  }
}