{
  "dataset_revision": "c22998f805950a0aa6f4d968c3789fcded5b1170",
  "mteb_dataset_name": "LaDromeRetrieval",
  "mteb_version": "1.1.3.dev0",
  "test": {
    "evaluation_time": 19.57,
    "map_at_1": 0.4557,
    "map_at_10": 0.62518,
    "map_at_100": 0.628,
    "map_at_1000": 0.628,
    "map_at_3": 0.59494,
    "map_at_5": 0.61582,
    "mrr_at_1": 0.4557,
    "mrr_at_10": 0.62518,
    "mrr_at_100": 0.628,
    "mrr_at_1000": 0.628,
    "mrr_at_3": 0.59494,
    "mrr_at_5": 0.61582,
    "ndcg_at_1": 0.4557,
    "ndcg_at_10": 0.69825,
    "ndcg_at_100": 0.71385,
    "ndcg_at_1000": 0.71385,
    "ndcg_at_3": 0.63743,
    "ndcg_at_5": 0.67448,
    "precision_at_1": 0.4557,
    "precision_at_10": 0.09241,
    "precision_at_100": 0.01,
    "precision_at_1000": 0.001,
    "precision_at_3": 0.25316,
    "precision_at_5": 0.16962,
    "recall_at_1": 0.4557,
    "recall_at_10": 0.92405,
    "recall_at_100": 1.0,
    "recall_at_1000": 1.0,
    "recall_at_3": 0.75949,
    "recall_at_5": 0.8481
  }
}