{
  "dataset_revision": "5345895c56a601afe1a98519ce3199be60a27dba",
  "mteb_dataset_name": "DiaBLaBitextMining",
  "mteb_version": "1.1.2.dev0",
  "test": {
    "en": {
      "accuracy": 0.2931454418928323,
      "f1": 0.25767921282688927,
      "main_score": 0.25767921282688927,
      "precision": 0.24808595715733128,
      "recall": 0.2931454418928323
    },
    "evaluation_time": 19.62,
    "fr": {
      "accuracy": 0.3348990953375087,
      "f1": 0.29960613294225785,
      "main_score": 0.29960613294225785,
      "precision": 0.2881095269518652,
      "recall": 0.3348990953375087
    }
  }
}