{
    "bleu": {
        "vs_human": 0.6932073280651037,
        "vs_text": 0.9083528795712384
    },
    "rouge1": {
        "vs_human": 0.8491076070563548,
        "vs_text": 0.4206552621087066
    },
    "rouge2": {
        "vs_human": 0.8013959104969268,
        "vs_text": 0.5770140942237728
    },
    "rougeL": {
        "vs_human": 0.8441392404809955,
        "vs_text": 0.7035874636110501
    }
}