{
    "bleu": {
        "fr": {
            "vs_text": 1.300332457726239,
            "vs_human": 27.568762420024914
        },
        "en": {
            "vs_text": 1.4372574734604178,
            "vs_human": 20.496299568979648
        }
    },
    "rouge1": {
        "fr": {
            "vs_text": 0.9245873851485945,
            "vs_human": 0.3022641611639645
        },
        "en": {
            "vs_text": 0.9793308820404784,
            "vs_human": 0.2924825704177317
        }
    },
    "rouge2": {
        "fr": {
            "vs_text": 0.7506441701306646,
            "vs_human": 0.11715244103580558
        },
        "en": {
            "vs_text": 0.8941390972321274,
            "vs_human": 0.09943962586644524
        }
    },
    "rougeL": {
        "fr": {
            "vs_text": 0.7989756179908329,
            "vs_human": 0.19387505370249125
        },
        "en": {
            "vs_text": 0.9018764625204372,
            "vs_human": 0.19313751548213356
        }
    }
}