{
  "dataset_revision": "c22998f805950a0aa6f4d968c3789fcded5b1170",
  "mteb_dataset_name": "LaDromeRetrieval",
  "mteb_version": "1.1.3.dev0",
  "test": {
    "evaluation_time": 17.92,
    "map_at_1": 0.67089,
    "map_at_10": 0.79603,
    "map_at_100": 0.797,
    "map_at_1000": 0.797,
    "map_at_3": 0.77848,
    "map_at_5": 0.79304,
    "mrr_at_1": 0.67089,
    "mrr_at_10": 0.79603,
    "mrr_at_100": 0.797,
    "mrr_at_1000": 0.797,
    "mrr_at_3": 0.77848,
    "mrr_at_5": 0.79304,
    "ndcg_at_1": 0.67089,
    "ndcg_at_10": 0.84362,
    "ndcg_at_100": 0.84695,
    "ndcg_at_1000": 0.84695,
    "ndcg_at_3": 0.80967,
    "ndcg_at_5": 0.83582,
    "precision_at_1": 0.67089,
    "precision_at_10": 0.09873,
    "precision_at_100": 0.01,
    "precision_at_1000": 0.001,
    "precision_at_3": 0.29958,
    "precision_at_5": 0.19241,
    "recall_at_1": 0.67089,
    "recall_at_10": 0.98734,
    "recall_at_100": 1.0,
    "recall_at_1000": 1.0,
    "recall_at_3": 0.89873,
    "recall_at_5": 0.96203
  }
}