{
  "dataset_revision": "5345895c56a601afe1a98519ce3199be60a27dba",
  "mteb_dataset_name": "DiaBLaBitextMining",
  "mteb_version": "1.1.2.dev0",
  "test": {
    "en": {
      "accuracy": 0.04662491301322199,
      "f1": 0.03187882939430526,
      "main_score": 0.03187882939430526,
      "precision": 0.029314418528676302,
      "recall": 0.04662491301322199
    },
    "evaluation_time": 43.38,
    "fr": {
      "accuracy": 0.156750173973556,
      "f1": 0.13249349093473006,
      "main_score": 0.13249349093473006,
      "precision": 0.12594248880816694,
      "recall": 0.156750173973556
    }
  }
}