{
  "dataset_revision": "fcf295ea64c750f41fadbaa37b9b861558e1bfbd",
  "mteb_dataset_name": "AlloprofRetrieval",
  "mteb_version": "1.7.56",
  "test": {
    "evaluation_time": 55.73,
    "map_at_1": 0.0924,
    "map_at_10": 0.14635,
    "map_at_100": 0.15764,
    "map_at_1000": 0.15905,
    "map_at_20": 0.1518,
    "map_at_3": 0.12687,
    "map_at_5": 0.13827,
    "mrr_at_1": 0.0924,
    "mrr_at_10": 0.14635,
    "mrr_at_100": 0.15764,
    "mrr_at_1000": 0.15905,
    "mrr_at_20": 0.1518,
    "mrr_at_3": 0.12687,
    "mrr_at_5": 0.13827,
    "ndcg_at_1": 0.0924,
    "ndcg_at_10": 0.17892,
    "ndcg_at_100": 0.24248,
    "ndcg_at_1000": 0.28328,
    "ndcg_at_20": 0.19878,
    "ndcg_at_3": 0.13819,
    "ndcg_at_5": 0.15887,
    "precision_at_1": 0.0924,
    "precision_at_10": 0.02845,
    "precision_at_100": 0.00602,
    "precision_at_1000": 0.00093,
    "precision_at_20": 0.01816,
    "precision_at_3": 0.05699,
    "precision_at_5": 0.0443,
    "recall_at_1": 0.0924,
    "recall_at_10": 0.28454,
    "recall_at_100": 0.6019,
    "recall_at_1000": 0.93048,
    "recall_at_20": 0.36313,
    "recall_at_3": 0.17098,
    "recall_at_5": 0.2215
  }
}