{
  "dataset_revision": "5effa1b9b5fa3b0f9e12523e6e43e5f86a6e6d59",
  "mteb_dataset_name": "BSARDRetrieval",
  "mteb_version": "1.7.56",
  "test": {
    "evaluation_time": 216.64,
    "map_at_1": 0.04505,
    "map_at_10": 0.06983,
    "map_at_100": 0.07892,
    "map_at_1000": 0.08008,
    "map_at_20": 0.07381,
    "map_at_3": 0.06231,
    "map_at_5": 0.06704,
    "mrr_at_1": 0.04505,
    "mrr_at_10": 0.06983,
    "mrr_at_100": 0.07892,
    "mrr_at_1000": 0.08008,
    "mrr_at_20": 0.07381,
    "mrr_at_3": 0.06231,
    "mrr_at_5": 0.06704,
    "ndcg_at_1": 0.04505,
    "ndcg_at_10": 0.08425,
    "ndcg_at_100": 0.13994,
    "ndcg_at_1000": 0.17728,
    "ndcg_at_20": 0.09895,
    "ndcg_at_3": 0.06826,
    "ndcg_at_5": 0.07717,
    "precision_at_1": 0.04505,
    "precision_at_10": 0.01306,
    "precision_at_100": 0.00419,
    "precision_at_1000": 0.00073,
    "precision_at_20": 0.00946,
    "precision_at_3": 0.02853,
    "precision_at_5": 0.02162,
    "recall_at_1": 0.04505,
    "recall_at_10": 0.13063,
    "recall_at_100": 0.41892,
    "recall_at_1000": 0.72523,
    "recall_at_20": 0.18919,
    "recall_at_3": 0.08559,
    "recall_at_5": 0.10811
  }
}