{
  "dataset_revision": "5345895c56a601afe1a98519ce3199be60a27dba",
  "mteb_dataset_name": "DiaBlaBitextMining",
  "mteb_version": "1.7.56",
  "test": {
    "en-fr": {
      "accuracy": 0.5320111343075853,
      "f1": 0.4660636485218948,
      "main_score": 0.4660636485218948,
      "precision": 0.44351319405721173,
      "recall": 0.5320111343075853
    },
    "evaluation_time": 19.14,
    "fr-en": {
      "accuracy": 0.5320111343075853,
      "f1": 0.4660636485218948,
      "main_score": 0.4660636485218948,
      "precision": 0.44351319405721173,
      "recall": 0.5320111343075853
    }
  }
}