{
  "dataset_revision": "7d571f92784cd94a019292a1f45445077d0ef634",
  "mteb_dataset_name": "MassiveScenarioClassification",
  "mteb_version": "1.7.56",
  "test": {
    "evaluation_time": 4.06,
    "fr": {
      "accuracy": 0.6340618695359785,
      "accuracy_stderr": 0.02016927181382263,
      "f1": 0.6306867120272848,
      "f1_stderr": 0.02140013771511132,
      "main_score": 0.6340618695359785
    }
  }
}