{
  "dataset_revision": "efa78cc2f74bbcd21eff2261f9e13aebe40b814e",
  "mteb_dataset_name": "MintakaRetrieval",
  "mteb_version": "1.7.56",
  "test": {
    "evaluation_time": 6.71,
    "fr": {
      "map_at_1": 0.10934,
      "map_at_10": 0.16902,
      "map_at_100": 0.1779,
      "map_at_1000": 0.179,
      "map_at_20": 0.17346,
      "map_at_3": 0.14687,
      "map_at_5": 0.15902,
      "mrr_at_1": 0.10934,
      "mrr_at_10": 0.16902,
      "mrr_at_100": 0.1779,
      "mrr_at_1000": 0.179,
      "mrr_at_20": 0.17346,
      "mrr_at_3": 0.14687,
      "mrr_at_5": 0.15902,
      "ndcg_at_1": 0.10934,
      "ndcg_at_10": 0.2059,
      "ndcg_at_100": 0.25476,
      "ndcg_at_1000": 0.29309,
      "ndcg_at_20": 0.22219,
      "ndcg_at_3": 0.1595,
      "ndcg_at_5": 0.18166,
      "precision_at_1": 0.10934,
      "precision_at_10": 0.03256,
      "precision_at_100": 0.00567,
      "precision_at_1000": 0.00089,
      "precision_at_20": 0.01951,
      "precision_at_3": 0.06538,
      "precision_at_5": 0.05012,
      "recall_at_1": 0.10934,
      "recall_at_10": 0.32555,
      "recall_at_100": 0.56675,
      "recall_at_1000": 0.88903,
      "recall_at_20": 0.39025,
      "recall_at_3": 0.19615,
      "recall_at_5": 0.25061
    }
  }
}