{
  "dataset_revision": "d80d48c1eb48d3562165c59d59d0034df9fff0bf",
  "mteb_dataset_name": "MTOPDomainClassification",
  "mteb_version": "1.7.56",
  "test": {
    "evaluation_time": 3.84,
    "fr": {
      "accuracy": 0.7887566551832133,
      "accuracy_stderr": 0.011283576878123511,
      "f1": 0.7829089591941889,
      "f1_stderr": 0.012063847241595512,
      "main_score": 0.7887566551832133
    }
  }
}