{
  "dataset_revision": "9e9b1f8ef51616073f47f306f7f47dd91663f86a",
  "mteb_dataset_name": "OpusparcusPC",
  "mteb_version": "1.7.56",
  "test.full": {
    "evaluation_time": 1.87,
    "fr": {
      "cos_sim": {
        "accuracy": 0.8174386920980926,
        "accuracy_threshold": 0.446928966107216,
        "ap": 0.9299613099650954,
        "f1": 0.874493927125506,
        "f1_threshold": 0.3570066794169863,
        "precision": 0.7993421052631579,
        "recall": 0.9652432969215492
      },
      "dot": {
        "accuracy": 0.8174386920980926,
        "accuracy_threshold": 0.4469289515780265,
        "ap": 0.9299613099650954,
        "f1": 0.874493927125506,
        "f1_threshold": 0.3570066948971363,
        "precision": 0.7993421052631579,
        "recall": 0.9652432969215492
      },
      "euclidean": {
        "accuracy": 0.8174386920980926,
        "accuracy_threshold": 1.051732870924314,
        "ap": 0.9299613099650954,
        "f1": 0.874493927125506,
        "f1_threshold": 1.1340135317302367,
        "precision": 0.7993421052631579,
        "recall": 0.9652432969215492
      },
      "manhattan": {
        "accuracy": 0.8194822888283378,
        "accuracy_threshold": 23.268317883983855,
        "ap": 0.9301620754751594,
        "f1": 0.875176636834668,
        "f1_threshold": 23.268317883983855,
        "precision": 0.8324372759856631,
        "recall": 0.9225422045680238
      },
      "max": {
        "accuracy": 0.8194822888283378,
        "ap": 0.9301620754751594,
        "f1": 0.875176636834668
      }
    }
  },
  "validation.full": {
    "evaluation_time": 1.78,
    "fr": {
      "cos_sim": {
        "accuracy": 0.8233618233618234,
        "accuracy_threshold": 0.4005172203578729,
        "ap": 0.9446434849237524,
        "f1": 0.8830188679245283,
        "f1_threshold": 0.4005172203578729,
        "precision": 0.8334817453250223,
        "recall": 0.9388164493480441
      },
      "dot": {
        "accuracy": 0.8233618233618234,
        "accuracy_threshold": 0.40051723896218216,
        "ap": 0.9446434849237524,
        "f1": 0.8830188679245283,
        "f1_threshold": 0.40051723896218216,
        "precision": 0.8334817453250223,
        "recall": 0.9388164493480441
      },
      "euclidean": {
        "accuracy": 0.8233618233618234,
        "accuracy_threshold": 1.0949728096664986,
        "ap": 0.9446434849237524,
        "f1": 0.8830188679245283,
        "f1_threshold": 1.0949728096664986,
        "precision": 0.8334817453250223,
        "recall": 0.9388164493480441
      },
      "manhattan": {
        "accuracy": 0.8219373219373219,
        "accuracy_threshold": 23.790211999358007,
        "ap": 0.9442846006331791,
        "f1": 0.8818525519848771,
        "f1_threshold": 23.790211999358007,
        "precision": 0.8337801608579088,
        "recall": 0.9358074222668004
      },
      "max": {
        "accuracy": 0.8233618233618234,
        "ap": 0.9446434849237524,
        "f1": 0.8830188679245283
      }
    }
  }
}