{
  "dataset_revision": "8a04d940a42cd40658986fdd8e3da561533a3646",
  "mteb_dataset_name": "PawsX",
  "mteb_version": "1.7.56",
  "test": {
    "evaluation_time": 4.36,
    "fr": {
      "cos_sim": {
        "accuracy": 0.608,
        "accuracy_threshold": 0.9772857310455758,
        "ap": 0.5793299943875329,
        "f1": 0.6253032928942807,
        "f1_threshold": 0.6477260876453759,
        "precision": 0.45509586276488395,
        "recall": 0.9988925802879292
      },
      "dot": {
        "accuracy": 0.608,
        "accuracy_threshold": 0.9772857990834058,
        "ap": 0.577637502179057,
        "f1": 0.6253032928942807,
        "f1_threshold": 0.6477261064182717,
        "precision": 0.45509586276488395,
        "recall": 0.9988925802879292
      },
      "euclidean": {
        "accuracy": 0.608,
        "accuracy_threshold": 0.21313969576706956,
        "ap": 0.5793299943875329,
        "f1": 0.6253032928942807,
        "f1_threshold": 0.8391694872163609,
        "precision": 0.45509586276488395,
        "recall": 0.9988925802879292
      },
      "manhattan": {
        "accuracy": 0.607,
        "accuracy_threshold": 4.637659048580645,
        "ap": 0.5797620812875182,
        "f1": 0.6253032928942807,
        "f1_threshold": 18.203651214319507,
        "precision": 0.45509586276488395,
        "recall": 0.9988925802879292
      },
      "max": {
        "accuracy": 0.608,
        "ap": 0.5797620812875182,
        "f1": 0.6253032928942807
      }
    }
  }
}