{
  "dataset_revision": "e077ab4cf4774a1e36d86d593b150422fafd8e8a",
  "mteb_dataset_name": "SICKFr",
  "mteb_version": "1.7.56",
  "test": {
    "cos_sim": {
      "pearson": 0.8283905844324939,
      "spearman": 0.7754956171830516
    },
    "euclidean": {
      "pearson": 0.7978190954252751,
      "spearman": 0.7754955554042796
    },
    "evaluation_time": 4.87,
    "manhattan": {
      "pearson": 0.7972091537191165,
      "spearman": 0.7742004599068459
    }
  }
}