{
  "dataset_revision": "19661ccdca4dfc2d15122d776b61685f48c68ca9",
  "mteb_dataset_name": "SyntecRetrieval",
  "mteb_version": "1.7.56",
  "test": {
    "evaluation_time": 1.08,
    "map_at_1": 0.48,
    "map_at_10": 0.61525,
    "map_at_100": 0.62015,
    "map_at_1000": 0.62015,
    "map_at_20": 0.61834,
    "map_at_3": 0.58167,
    "map_at_5": 0.59767,
    "mrr_at_1": 0.48,
    "mrr_at_10": 0.61525,
    "mrr_at_100": 0.62015,
    "mrr_at_1000": 0.62015,
    "mrr_at_20": 0.61834,
    "mrr_at_3": 0.58167,
    "mrr_at_5": 0.59767,
    "ndcg_at_1": 0.48,
    "ndcg_at_10": 0.68578,
    "ndcg_at_100": 0.70657,
    "ndcg_at_1000": 0.70657,
    "ndcg_at_20": 0.69628,
    "ndcg_at_3": 0.61464,
    "ndcg_at_5": 0.64347,
    "precision_at_1": 0.48,
    "precision_at_10": 0.091,
    "precision_at_100": 0.01,
    "precision_at_1000": 0.001,
    "precision_at_20": 0.0475,
    "precision_at_3": 0.23667,
    "precision_at_5": 0.156,
    "recall_at_1": 0.48,
    "recall_at_10": 0.91,
    "recall_at_100": 1.0,
    "recall_at_1000": 1.0,
    "recall_at_20": 0.95,
    "recall_at_3": 0.71,
    "recall_at_5": 0.78
  }
}