{
  "dataset_revision": "c99d599f0a6ab9b85b065da6f9d94f9cf731679f",
  "mteb_dataset_name": "XPQARetrieval",
  "mteb_version": "1.7.56",
  "test": {
    "evaluation_time": 3.52,
    "fr": {
      "map_at_1": 0.28106,
      "map_at_10": 0.44628,
      "map_at_100": 0.46541,
      "map_at_1000": 0.46639,
      "map_at_20": 0.4582,
      "map_at_3": 0.39488,
      "map_at_5": 0.42601,
      "mrr_at_1": 0.46729,
      "mrr_at_10": 0.54297,
      "mrr_at_100": 0.55113,
      "mrr_at_1000": 0.55151,
      "mrr_at_20": 0.54778,
      "mrr_at_3": 0.52314,
      "mrr_at_5": 0.53416,
      "ndcg_at_1": 0.46729,
      "ndcg_at_10": 0.5124,
      "ndcg_at_100": 0.5776,
      "ndcg_at_1000": 0.59753,
      "ndcg_at_20": 0.54123,
      "ndcg_at_3": 0.4639,
      "ndcg_at_5": 0.4782,
      "precision_at_1": 0.46729,
      "precision_at_10": 0.12417,
      "precision_at_100": 0.01788,
      "precision_at_1000": 0.00205,
      "precision_at_20": 0.0725,
      "precision_at_3": 0.28838,
      "precision_at_5": 0.20828,
      "recall_at_1": 0.28106,
      "recall_at_10": 0.6034,
      "recall_at_100": 0.85454,
      "recall_at_1000": 0.99092,
      "recall_at_20": 0.69401,
      "recall_at_3": 0.44944,
      "recall_at_5": 0.52076
    }
  }
}