{
  "dataset_revision": "5345895c56a601afe1a98519ce3199be60a27dba",
  "mteb_dataset_name": "DiaBLaBitextMining",
  "mteb_version": "1.1.2.dev0",
  "test": {
    "en": {
      "accuracy": 0.08507306889352818,
      "f1": 0.06948446832228945,
      "main_score": 0.06948446832228945,
      "precision": 0.06576761744962066,
      "recall": 0.08507306889352818
    },
    "evaluation_time": 46.49,
    "fr": {
      "accuracy": 0.07741823242867084,
      "f1": 0.05998688454697069,
      "main_score": 0.05998688454697069,
      "precision": 0.05633833941819004,
      "recall": 0.07741823242867084
    }
  }
}