{
  "dataset_revision": "c22998f805950a0aa6f4d968c3789fcded5b1170",
  "mteb_dataset_name": "LaDromeRetrieval",
  "mteb_version": "1.1.3.dev0",
  "test": {
    "evaluation_time": 31.0,
    "map_at_1": 0.51899,
    "map_at_10": 0.65802,
    "map_at_100": 0.66179,
    "map_at_1000": 0.66179,
    "map_at_3": 0.62236,
    "map_at_5": 0.65148,
    "mrr_at_1": 0.51899,
    "mrr_at_10": 0.65802,
    "mrr_at_100": 0.66179,
    "mrr_at_1000": 0.66179,
    "mrr_at_3": 0.62236,
    "mrr_at_5": 0.65148,
    "ndcg_at_1": 0.51899,
    "ndcg_at_10": 0.72592,
    "ndcg_at_100": 0.7411,
    "ndcg_at_1000": 0.7411,
    "ndcg_at_3": 0.65747,
    "ndcg_at_5": 0.70977,
    "precision_at_1": 0.51899,
    "precision_at_10": 0.09367,
    "precision_at_100": 0.01,
    "precision_at_1000": 0.001,
    "precision_at_3": 0.25316,
    "precision_at_5": 0.17722,
    "recall_at_1": 0.51899,
    "recall_at_10": 0.93671,
    "recall_at_100": 1.0,
    "recall_at_1000": 1.0,
    "recall_at_3": 0.75949,
    "recall_at_5": 0.88608
  }
}