{
  "dataset_revision": "fcf295ea64c750f41fadbaa37b9b861558e1bfbd",
  "mteb_dataset_name": "AlloprofRetrieval",
  "mteb_version": "1.7.47",
  "test": {
    "evaluation_time": 535.72,
    "map_at_1": 0.28066,
    "map_at_10": 0.3953,
    "map_at_100": 0.40513,
    "map_at_1000": 0.40561,
    "map_at_20": 0.40097,
    "map_at_3": 0.36377,
    "map_at_5": 0.38327,
    "mrr_at_1": 0.28066,
    "mrr_at_10": 0.3953,
    "mrr_at_100": 0.40513,
    "mrr_at_1000": 0.40561,
    "mrr_at_20": 0.40097,
    "mrr_at_3": 0.36377,
    "mrr_at_5": 0.38327,
    "ndcg_at_1": 0.28066,
    "ndcg_at_10": 0.45551,
    "ndcg_at_100": 0.506,
    "ndcg_at_1000": 0.51902,
    "ndcg_at_20": 0.4763,
    "ndcg_at_3": 0.39119,
    "ndcg_at_5": 0.42609,
    "precision_at_1": 0.28066,
    "precision_at_10": 0.06464,
    "precision_at_100": 0.00888,
    "precision_at_1000": 0.00099,
    "precision_at_20": 0.03644,
    "precision_at_3": 0.15688,
    "precision_at_5": 0.11097,
    "recall_at_1": 0.28066,
    "recall_at_10": 0.64637,
    "recall_at_100": 0.88817,
    "recall_at_1000": 0.99136,
    "recall_at_20": 0.72884,
    "recall_at_3": 0.47064,
    "recall_at_5": 0.55484
  }
}