{
  "dataset_revision": "efa78cc2f74bbcd21eff2261f9e13aebe40b814e",
  "mteb_dataset_name": "MintakaRetrieval",
  "mteb_version": "1.9.1",
  "test": {
    "ar": {
      "map_at_1": 0.04131,
      "map_at_10": 0.06469,
      "map_at_100": 0.06883,
      "map_at_1000": 0.07038,
      "map_at_20": 0.06664,
      "map_at_3": 0.05727,
      "map_at_5": 0.06083,
      "mrr_at_1": 0.04131,
      "mrr_at_10": 0.06469,
      "mrr_at_100": 0.06883,
      "mrr_at_1000": 0.07038,
      "mrr_at_20": 0.06664,
      "mrr_at_3": 0.05727,
      "mrr_at_5": 0.06083,
      "ndcg_at_1": 0.04131,
      "ndcg_at_10": 0.0788,
      "ndcg_at_100": 0.10295,
      "ndcg_at_1000": 0.16534,
      "ndcg_at_20": 0.08598,
      "ndcg_at_3": 0.06293,
      "ndcg_at_5": 0.06951,
      "precision_at_1": 0.04131,
      "precision_at_10": 0.01244,
      "precision_at_100": 0.00247,
      "precision_at_1000": 0.00079,
      "precision_at_20": 0.00765,
      "precision_at_3": 0.02648,
      "precision_at_5": 0.01916,
      "recall_at_1": 0.04131,
      "recall_at_10": 0.12438,
      "recall_at_100": 0.24694,
      "recall_at_1000": 0.78711,
      "recall_at_20": 0.15297,
      "recall_at_3": 0.07944,
      "recall_at_5": 0.09578
    },
    "de": {
      "map_at_1": 0.10404,
      "map_at_10": 0.16089,
      "map_at_100": 0.16978,
      "map_at_1000": 0.17131,
      "map_at_20": 0.16511,
      "map_at_3": 0.14188,
      "map_at_5": 0.1522,
      "mrr_at_1": 0.10404,
      "mrr_at_10": 0.16089,
      "mrr_at_100": 0.16978,
      "mrr_at_1000": 0.17131,
      "mrr_at_20": 0.16511,
      "mrr_at_3": 0.14188,
      "mrr_at_5": 0.1522,
      "ndcg_at_1": 0.10404,
      "ndcg_at_10": 0.19397,
      "ndcg_at_100": 0.24593,
      "ndcg_at_1000": 0.29305,
      "ndcg_at_20": 0.20946,
      "ndcg_at_3": 0.15423,
      "ndcg_at_5": 0.17273,
      "precision_at_1": 0.10404,
      "precision_at_10": 0.03008,
      "precision_at_100": 0.00564,
      "precision_at_1000": 0.00095,
      "precision_at_20": 0.01811,
      "precision_at_3": 0.06332,
      "precision_at_5": 0.04693,
      "recall_at_1": 0.10404,
      "recall_at_10": 0.30076,
      "recall_at_100": 0.56445,
      "recall_at_1000": 0.94861,
      "recall_at_20": 0.36226,
      "recall_at_3": 0.18997,
      "recall_at_5": 0.23463
    },
    "es": {
      "map_at_1": 0.11634,
      "map_at_10": 0.18028,
      "map_at_100": 0.19075,
      "map_at_1000": 0.192,
      "map_at_20": 0.18574,
      "map_at_3": 0.15848,
      "map_at_5": 0.17105,
      "mrr_at_1": 0.11634,
      "mrr_at_10": 0.18028,
      "mrr_at_100": 0.19075,
      "mrr_at_1000": 0.192,
      "mrr_at_20": 0.18574,
      "mrr_at_3": 0.15848,
      "mrr_at_5": 0.17105,
      "ndcg_at_1": 0.11634,
      "ndcg_at_10": 0.2176,
      "ndcg_at_100": 0.27574,
      "ndcg_at_1000": 0.31509,
      "ndcg_at_20": 0.23764,
      "ndcg_at_3": 0.17253,
      "ndcg_at_5": 0.19489,
      "precision_at_1": 0.11634,
      "precision_at_10": 0.03379,
      "precision_at_100": 0.00627,
      "precision_at_1000": 0.00095,
      "precision_at_20": 0.02087,
      "precision_at_3": 0.07109,
      "precision_at_5": 0.05338,
      "recall_at_1": 0.11634,
      "recall_at_10": 0.33787,
      "recall_at_100": 0.62665,
      "recall_at_1000": 0.94967,
      "recall_at_20": 0.41749,
      "recall_at_3": 0.21328,
      "recall_at_5": 0.26691
    },
    "evaluation_time": 232.16,
    "fr": {
      "map_at_1": 0.13759,
      "map_at_10": 0.21716,
      "map_at_100": 0.22959,
      "map_at_1000": 0.23052,
      "map_at_20": 0.2238,
      "map_at_3": 0.19281,
      "map_at_5": 0.20605,
      "mrr_at_1": 0.13759,
      "mrr_at_10": 0.21716,
      "mrr_at_100": 0.22959,
      "mrr_at_1000": 0.23052,
      "mrr_at_20": 0.2238,
      "mrr_at_3": 0.19281,
      "mrr_at_5": 0.20605,
      "ndcg_at_1": 0.13759,
      "ndcg_at_10": 0.26172,
      "ndcg_at_100": 0.32883,
      "ndcg_at_1000": 0.35724,
      "ndcg_at_20": 0.28614,
      "ndcg_at_3": 0.2111,
      "ndcg_at_5": 0.23475,
      "precision_at_1": 0.13759,
      "precision_at_10": 0.04046,
      "precision_at_100": 0.00733,
      "precision_at_1000": 0.00096,
      "precision_at_20": 0.02508,
      "precision_at_3": 0.08804,
      "precision_at_5": 0.06421,
      "recall_at_1": 0.13759,
      "recall_at_10": 0.40459,
      "recall_at_100": 0.73342,
      "recall_at_1000": 0.96478,
      "recall_at_20": 0.50164,
      "recall_at_3": 0.26413,
      "recall_at_5": 0.32105
    },
    "hi": {
      "map_at_1": 0.01795,
      "map_at_10": 0.03412,
      "map_at_100": 0.03892,
      "map_at_1000": 0.04141,
      "map_at_20": 0.03601,
      "map_at_3": 0.02767,
      "map_at_5": 0.03141,
      "mrr_at_1": 0.01795,
      "mrr_at_10": 0.03412,
      "mrr_at_100": 0.03892,
      "mrr_at_1000": 0.04141,
      "mrr_at_20": 0.03601,
      "mrr_at_3": 0.02767,
      "mrr_at_5": 0.03141,
      "ndcg_at_1": 0.01795,
      "ndcg_at_10": 0.04469,
      "ndcg_at_100": 0.07541,
      "ndcg_at_1000": 0.16568,
      "ndcg_at_20": 0.05165,
      "ndcg_at_3": 0.03111,
      "ndcg_at_5": 0.03787,
      "precision_at_1": 0.01795,
      "precision_at_10": 0.00793,
      "precision_at_100": 0.00241,
      "precision_at_1000": 0.001,
      "precision_at_20": 0.00535,
      "precision_at_3": 0.01371,
      "precision_at_5": 0.01152,
      "recall_at_1": 0.01795,
      "recall_at_10": 0.07928,
      "recall_at_100": 0.24084,
      "recall_at_1000": 1.0,
      "recall_at_20": 0.10696,
      "recall_at_3": 0.04114,
      "recall_at_5": 0.05759
    },
    "it": {
      "map_at_1": 0.11357,
      "map_at_10": 0.17039,
      "map_at_100": 0.17919,
      "map_at_1000": 0.18067,
      "map_at_20": 0.17468,
      "map_at_3": 0.15115,
      "map_at_5": 0.16088,
      "mrr_at_1": 0.11357,
      "mrr_at_10": 0.17039,
      "mrr_at_100": 0.17919,
      "mrr_at_1000": 0.18067,
      "mrr_at_20": 0.17468,
      "mrr_at_3": 0.15115,
      "mrr_at_5": 0.16088,
      "ndcg_at_1": 0.11357,
      "ndcg_at_10": 0.20346,
      "ndcg_at_100": 0.25425,
      "ndcg_at_1000": 0.30065,
      "ndcg_at_20": 0.21909,
      "ndcg_at_3": 0.16318,
      "ndcg_at_5": 0.18062,
      "precision_at_1": 0.11357,
      "precision_at_10": 0.03102,
      "precision_at_100": 0.00567,
      "precision_at_1000": 0.00095,
      "precision_at_20": 0.0186,
      "precision_at_3": 0.06597,
      "precision_at_5": 0.04802,
      "recall_at_1": 0.11357,
      "recall_at_10": 0.31023,
      "recall_at_100": 0.56701,
      "recall_at_1000": 0.94697,
      "recall_at_20": 0.37203,
      "recall_at_3": 0.19791,
      "recall_at_5": 0.24008
    },
    "ja": {
      "map_at_1": 0.04152,
      "map_at_10": 0.06054,
      "map_at_100": 0.0646,
      "map_at_1000": 0.06603,
      "map_at_20": 0.0625,
      "map_at_3": 0.05342,
      "map_at_5": 0.05686,
      "mrr_at_1": 0.04152,
      "mrr_at_10": 0.06054,
      "mrr_at_100": 0.0646,
      "mrr_at_1000": 0.06603,
      "mrr_at_20": 0.0625,
      "mrr_at_3": 0.05342,
      "mrr_at_5": 0.05686,
      "ndcg_at_1": 0.04152,
      "ndcg_at_10": 0.07272,
      "ndcg_at_100": 0.09686,
      "ndcg_at_1000": 0.1544,
      "ndcg_at_20": 0.07985,
      "ndcg_at_3": 0.05756,
      "ndcg_at_5": 0.06387,
      "precision_at_1": 0.04152,
      "precision_at_10": 0.01125,
      "precision_at_100": 0.00236,
      "precision_at_1000": 0.00073,
      "precision_at_20": 0.00703,
      "precision_at_3": 0.02321,
      "precision_at_5": 0.01704,
      "recall_at_1": 0.04152,
      "recall_at_10": 0.11246,
      "recall_at_100": 0.23616,
      "recall_at_1000": 0.73356,
      "recall_at_20": 0.14057,
      "recall_at_3": 0.06964,
      "recall_at_5": 0.08521
    },
    "pt": {
      "map_at_1": 0.11767,
      "map_at_10": 0.17553,
      "map_at_100": 0.1854,
      "map_at_1000": 0.18678,
      "map_at_20": 0.18073,
      "map_at_3": 0.15704,
      "map_at_5": 0.16725,
      "mrr_at_1": 0.11767,
      "mrr_at_10": 0.17553,
      "mrr_at_100": 0.1854,
      "mrr_at_1000": 0.18678,
      "mrr_at_20": 0.18073,