{
  "dataset_revision": "c22998f805950a0aa6f4d968c3789fcded5b1170",
  "mteb_dataset_name": "LaDromeRetrieval",
  "mteb_version": "1.1.3.dev0",
  "test": {
    "evaluation_time": 10.7,
    "map_at_1": 0.50633,
    "map_at_10": 0.657,
    "map_at_100": 0.66076,
    "map_at_1000": 0.66076,
    "map_at_3": 0.6308,
    "map_at_5": 0.64852,
    "mrr_at_1": 0.50633,
    "mrr_at_10": 0.657,
    "mrr_at_100": 0.66076,
    "mrr_at_1000": 0.66076,
    "mrr_at_3": 0.6308,
    "mrr_at_5": 0.64852,
    "ndcg_at_1": 0.50633,
    "ndcg_at_10": 0.72251,
    "ndcg_at_100": 0.73945,
    "ndcg_at_1000": 0.73945,
    "ndcg_at_3": 0.67043,
    "ndcg_at_5": 0.70203,
    "precision_at_1": 0.50633,
    "precision_at_10": 0.09241,
    "precision_at_100": 0.01,
    "precision_at_1000": 0.001,
    "precision_at_3": 0.2616,
    "precision_at_5": 0.17215,
    "recall_at_1": 0.50633,
    "recall_at_10": 0.92405,
    "recall_at_100": 1.0,
    "recall_at_1000": 1.0,
    "recall_at_3": 0.78481,
    "recall_at_5": 0.86076
  }
}