{
  "dataset_revision": "392ba3f5bcc8c51f578786c1fc3dae648662cb9b",
  "mteb_dataset_name": "AlloprofRetrieval",
  "mteb_version": "1.1.2.dev0",
  "test": {
    "evaluation_time": 6891.89,
    "map_at_1": 0.11701,
    "map_at_10": 0.19188,
    "map_at_100": 0.2057,
    "map_at_1000": 0.20676,
    "map_at_3": 0.16364,
    "map_at_5": 0.17848,
    "mrr_at_1": 0.11701,
    "mrr_at_10": 0.19188,
    "mrr_at_100": 0.2057,
    "mrr_at_1000": 0.20676,
    "mrr_at_3": 0.16364,
    "mrr_at_5": 0.17848,
    "ndcg_at_1": 0.11701,
    "ndcg_at_10": 0.23822,
    "ndcg_at_100": 0.3111,
    "ndcg_at_1000": 0.33963,
    "ndcg_at_3": 0.17935,
    "ndcg_at_5": 0.20596,
    "precision_at_1": 0.11701,
    "precision_at_10": 0.03886,
    "precision_at_100": 0.00742,
    "precision_at_1000": 0.00097,
    "precision_at_3": 0.07499,
    "precision_at_5": 0.05786,
    "recall_at_1": 0.11701,
    "recall_at_10": 0.3886,
    "recall_at_100": 0.7418,
    "recall_at_1000": 0.96762,
    "recall_at_3": 0.22496,
    "recall_at_5": 0.28929
  }
}