{
  "dataset_revision": "c22998f805950a0aa6f4d968c3789fcded5b1170",
  "mteb_dataset_name": "LaDromeRetrieval",
  "mteb_version": "1.1.3.dev0",
  "test": {
    "evaluation_time": 42.29,
    "map_at_1": 0.50633,
    "map_at_10": 0.61501,
    "map_at_100": 0.6219,
    "map_at_1000": 0.62212,
    "map_at_3": 0.58439,
    "map_at_5": 0.60274,
    "mrr_at_1": 0.50633,
    "mrr_at_10": 0.61501,
    "mrr_at_100": 0.6219,
    "mrr_at_1000": 0.62212,
    "mrr_at_3": 0.58439,
    "mrr_at_5": 0.60274,
    "ndcg_at_1": 0.50633,
    "ndcg_at_10": 0.67111,
    "ndcg_at_100": 0.70023,
    "ndcg_at_1000": 0.70391,
    "ndcg_at_3": 0.60985,
    "ndcg_at_5": 0.64201,
    "precision_at_1": 0.50633,
    "precision_at_10": 0.08481,
    "precision_at_100": 0.00975,
    "precision_at_1000": 0.001,
    "precision_at_3": 0.22785,
    "precision_at_5": 0.1519,
    "recall_at_1": 0.50633,
    "recall_at_10": 0.8481,
    "recall_at_100": 0.97468,
    "recall_at_1000": 1.0,
    "recall_at_3": 0.68354,
    "recall_at_5": 0.75949
  }
}