{
  "dataset_revision": "9e9b1f8ef51616073f47f306f7f47dd91663f86a",
  "mteb_dataset_name": "OpusparcusPC",
  "mteb_version": "1.1.2.dev0",
  "test": {
    "evaluation_time": 1.56,
    "fr": {
      "cos_sim": {
        "accuracy": 0.9990069513406157,
        "accuracy_threshold": 0.00656066743251249,
        "ap": 1.0,
        "f1": 0.9995032290114257,
        "f1_threshold": 0.00656066743251249,
        "precision": 1.0,
        "recall": 0.9990069513406157
      },
      "dot": {
        "accuracy": 0.9990069513406157,
        "accuracy_threshold": 0.006560669740550291,
        "ap": 1.0,
        "f1": 0.9995032290114257,
        "f1_threshold": 0.006560669740550291,
        "precision": 1.0,
        "recall": 0.9990069513406157
      },
      "euclidean": {
        "accuracy": 0.9990069513406157,
        "accuracy_threshold": 1.4094435469518047,
        "ap": 1.0,
        "f1": 0.9995032290114257,
        "f1_threshold": 1.4094435469518047,
        "precision": 1.0,
        "recall": 0.9990069513406157
      },
      "manhattan": {
        "accuracy": 0.9990069513406157,
        "accuracy_threshold": 30.353754146783217,
        "ap": 1.0,
        "f1": 0.9995032290114257,
        "f1_threshold": 30.353754146783217,
        "precision": 1.0,
        "recall": 0.9990069513406157
      },
      "max": {
        "accuracy": 0.9990069513406157,
        "ap": 1.0,
        "f1": 0.9995032290114257
      }
    }
  }
}