{
  "dataset_revision": "5345895c56a601afe1a98519ce3199be60a27dba",
  "mteb_dataset_name": "DiaBLaBitextMining",
  "mteb_version": "1.1.2.dev0",
  "test": {
    "en": {
      "accuracy": 0.19363256784968685,
      "f1": 0.15433478972741616,
      "main_score": 0.15433478972741616,
      "precision": 0.14589466911331087,
      "recall": 0.19363256784968685
    },
    "evaluation_time": 18.29,
    "fr": {
      "accuracy": 0.2466945024356298,
      "f1": 0.21171785556123265,
      "main_score": 0.21171785556123265,
      "precision": 0.2014979461570808,
      "recall": 0.2466945024356298
    }
  }
}