{
  "dataset_revision": "c99d599f0a6ab9b85b065da6f9d94f9cf731679f",
  "mteb_dataset_name": "XPQARetrieval",
  "mteb_version": "1.7.47",
  "test": {
    "evaluation_time": 3.3,
    "fr": {
      "map_at_1": 0.40209,
      "map_at_10": 0.61812,
      "map_at_100": 0.63283,
      "map_at_1000": 0.63347,
      "map_at_20": 0.62743,
      "map_at_3": 0.55917,
      "map_at_5": 0.59758,
      "mrr_at_1": 0.64085,
      "mrr_at_10": 0.70396,
      "mrr_at_100": 0.70958,
      "mrr_at_1000": 0.70977,
      "mrr_at_20": 0.70771,
      "mrr_at_3": 0.68781,
      "mrr_at_5": 0.69702,
      "ndcg_at_1": 0.64085,
      "ndcg_at_10": 0.67599,
      "ndcg_at_100": 0.72328,
      "ndcg_at_1000": 0.73312,
      "ndcg_at_20": 0.6981,
      "ndcg_at_3": 0.63255,
      "ndcg_at_5": 0.64474,
      "precision_at_1": 0.64085,
      "precision_at_10": 0.15621,
      "precision_at_100": 0.01944,
      "precision_at_1000": 0.00207,
      "precision_at_20": 0.08571,
      "precision_at_3": 0.39119,
      "precision_at_5": 0.27583,
      "recall_at_1": 0.40209,
      "recall_at_10": 0.75316,
      "recall_at_100": 0.93376,
      "recall_at_1000": 0.998,
      "recall_at_20": 0.82374,
      "recall_at_3": 0.6018,
      "recall_at_5": 0.67757
    }
  }
}