{
  "dataset_revision": "c22998f805950a0aa6f4d968c3789fcded5b1170",
  "mteb_dataset_name": "LaDromeRetrieval",
  "mteb_version": "1.1.3.dev0",
  "test": {
    "evaluation_time": 25.69,
    "map_at_1": 0.60759,
    "map_at_10": 0.7318,
    "map_at_100": 0.7334,
    "map_at_1000": 0.7334,
    "map_at_3": 0.71308,
    "map_at_5": 0.72447,
    "mrr_at_1": 0.60759,
    "mrr_at_10": 0.7318,
    "mrr_at_100": 0.7334,
    "mrr_at_1000": 0.7334,
    "mrr_at_3": 0.71308,
    "mrr_at_5": 0.72447,
    "ndcg_at_1": 0.60759,
    "ndcg_at_10": 0.78777,
    "ndcg_at_100": 0.79592,
    "ndcg_at_1000": 0.79592,
    "ndcg_at_3": 0.74774,
    "ndcg_at_5": 0.76843,
    "precision_at_1": 0.60759,
    "precision_at_10": 0.0962,
    "precision_at_100": 0.01,
    "precision_at_1000": 0.001,
    "precision_at_3": 0.2827,
    "precision_at_5": 0.17975,
    "recall_at_1": 0.60759,
    "recall_at_10": 0.96203,
    "recall_at_100": 1.0,
    "recall_at_1000": 1.0,
    "recall_at_3": 0.8481,
    "recall_at_5": 0.89873
  }
}