{
  "dataset_revision": "c22998f805950a0aa6f4d968c3789fcded5b1170",
  "mteb_dataset_name": "LaDromeRetrieval",
  "mteb_version": "1.1.3.dev0",
  "test": {
    "evaluation_time": 75.66,
    "map_at_1": 0.48101,
    "map_at_10": 0.62459,
    "map_at_100": 0.62696,
    "map_at_1000": 0.62708,
    "map_at_3": 0.59072,
    "map_at_5": 0.60464,
    "mrr_at_1": 0.48101,
    "mrr_at_10": 0.62459,
    "mrr_at_100": 0.62696,
    "mrr_at_1000": 0.62708,
    "mrr_at_3": 0.59072,
    "mrr_at_5": 0.60464,
    "ndcg_at_1": 0.48101,
    "ndcg_at_10": 0.69944,
    "ndcg_at_100": 0.71042,
    "ndcg_at_1000": 0.71231,
    "ndcg_at_3": 0.62748,
    "ndcg_at_5": 0.65308,
    "precision_at_1": 0.48101,
    "precision_at_10": 0.09367,
    "precision_at_100": 0.00987,
    "precision_at_1000": 0.001,
    "precision_at_3": 0.24473,
    "precision_at_5": 0.15949,
    "recall_at_1": 0.48101,
    "recall_at_10": 0.93671,
    "recall_at_100": 0.98734,
    "recall_at_1000": 1.0,
    "recall_at_3": 0.73418,
    "recall_at_5": 0.79747
  }
}