{
  "dataset_revision": "5345895c56a601afe1a98519ce3199be60a27dba",
  "mteb_dataset_name": "DiaBLaBitextMining",
  "mteb_version": "1.1.2.dev0",
  "test": {
    "en": {
      "accuracy": 0.3935281837160752,
      "f1": 0.35326297909263504,
      "main_score": 0.35326297909263504,
      "precision": 0.3411454243824524,
      "recall": 0.3935281837160752
    },
    "evaluation_time": 18.92,
    "fr": {
      "accuracy": 0.40083507306889354,
      "f1": 0.3561453657665051,
      "main_score": 0.3561453657665051,
      "precision": 0.3425607524277071,
      "recall": 0.40083507306889354
    }
  }
}