{
  "dataset_revision": "c22998f805950a0aa6f4d968c3789fcded5b1170",
  "mteb_dataset_name": "LaDromeRetrieval",
  "mteb_version": "1.1.3.dev0",
  "test": {
    "evaluation_time": 3.5,
    "map_at_1": 0.40506,
    "map_at_10": 0.51649,
    "map_at_100": 0.52399,
    "map_at_1000": 0.52423,
    "map_at_3": 0.48734,
    "map_at_5": 0.50127,
    "mrr_at_1": 0.40506,
    "mrr_at_10": 0.51649,
    "mrr_at_100": 0.52399,
    "mrr_at_1000": 0.52423,
    "mrr_at_3": 0.48734,
    "mrr_at_5": 0.50127,
    "ndcg_at_1": 0.40506,
    "ndcg_at_10": 0.5804,
    "ndcg_at_100": 0.61609,
    "ndcg_at_1000": 0.62265,
    "ndcg_at_3": 0.51793,
    "ndcg_at_5": 0.54352,
    "precision_at_1": 0.40506,
    "precision_at_10": 0.07848,
    "precision_at_100": 0.00949,
    "precision_at_1000": 0.001,
    "precision_at_3": 0.20253,
    "precision_at_5": 0.13418,
    "recall_at_1": 0.40506,
    "recall_at_10": 0.78481,
    "recall_at_100": 0.94937,
    "recall_at_1000": 1.0,
    "recall_at_3": 0.60759,
    "recall_at_5": 0.67089
  }
}