{
  "dataset_revision": "c22998f805950a0aa6f4d968c3789fcded5b1170",
  "mteb_dataset_name": "LaDromeRetrieval",
  "mteb_version": "1.1.3.dev0",
  "test": {
    "evaluation_time": 71.42,
    "map_at_1": 0.4557,
    "map_at_10": 0.63228,
    "map_at_100": 0.63778,
    "map_at_1000": 0.63783,
    "map_at_3": 0.61392,
    "map_at_5": 0.62595,
    "mrr_at_1": 0.4557,
    "mrr_at_10": 0.63228,
    "mrr_at_100": 0.63778,
    "mrr_at_1000": 0.63783,
    "mrr_at_3": 0.61392,
    "mrr_at_5": 0.62595,
    "ndcg_at_1": 0.4557,
    "ndcg_at_10": 0.69616,
    "ndcg_at_100": 0.71956,
    "ndcg_at_1000": 0.72112,
    "ndcg_at_3": 0.66139,
    "ndcg_at_5": 0.68264,
    "precision_at_1": 0.4557,
    "precision_at_10": 0.08861,
    "precision_at_100": 0.00987,
    "precision_at_1000": 0.001,
    "precision_at_3": 0.26582,
    "precision_at_5": 0.16962,
    "recall_at_1": 0.4557,
    "recall_at_10": 0.88608,
    "recall_at_100": 0.98734,
    "recall_at_1000": 1.0,
    "recall_at_3": 0.79747,
    "recall_at_5": 0.8481
  }
}